<?xml version="1.0" encoding="UTF-8" standalone="no"?>

<manifest identifier="ISD 653 Siow" version="1.3"
	  xmlns="http://www.imsglobal.org/xsd/imscp_v1p1"
	  xmlns:xsi="http://www.w3.org/2001/XMLSchema-instance"
	  xmlns:adlcp="http://www.adlnet.org/xsd/adlcp_v1p3"
	  xmlns:adlseq="http://www.adlnet.org/xsd/adlseq_v1p3"
	  xmlns:adlnav="http://www.adlnet.org/xsd/adlnav_v1p3"
	  xmlns:imsss="http://www.imsglobal.org/xsd/imsss"
	  xsi:schemaLocation="http://www.imsglobal.org/xsd/imscp_v1p1 imscp_v1p1.xsd
						  http://www.adlnet.org/xsd/adlcp_v1p3 adlcp_v1p3.xsd
						  http://www.adlnet.org/xsd/adlseq_v1p3 adlseq_v1p3.xsd
						  http://www.adlnet.org/xsd/adlnav_v1p3 adlnav_v1p3.xsd
						  http://www.imsglobal.org/xsd/imsss imsss_v1p0.xsd">

	<metadata>
		<schema>ADL SCORM</schema>
		<schemaversion>2004 3rd Edition</schemaversion>
		<adlcp:location>metadata.xml</adlcp:location>
	</metadata>
	
	
	<organizations default="ISD 653 Siow_ORG">
		<organization identifier="ISD 653 Siow_ORG">
			<!--****** Title ******-->
			<title>Module 2: Fueling Your Body</title>
			<item identifier="ISD 653 Siow_SCO" identifierref="ISD 653 Siow_SCO_RES" isvisible="true">
				<!--****** Title ******-->
				<title>index_SCO_Title</title>
				<metadata>
					<lom xmlns="http://ltsc.ieee.org/xsd/LOM" xmlns:xsi="http://www.w3.org/2001/XMLSchema-instance" xsi:schemaLocation="http://ltsc.ieee.org/xsd/LOM lom.xsd">
						<general>
							<description>
				  				<string language="en-us">The 3 macronutrients and the vehicle-fuel metaphor</string> 
				  			</description>
						</general>
					</lom>
				</metadata>
				<imsss:sequencing>
				<imsss:objectives>
					        <imsss:primaryObjective objectiveID="Quiz_2025421214039"/>
				</imsss:objectives>
					<imsss:deliveryControls tracked="true" completionSetByContent="true" objectiveSetByContent="true"/>
				</imsss:sequencing>
			</item>
			<metadata>
				<adlcp:location>metadata.xml</adlcp:location>
			</metadata>			
	<imsss:sequencing>
				<imsss:controlMode choice="true" flow="true"/>
                <imsss:rollupRules>
                    <imsss:rollupRule childActivitySet="all">
                        <imsss:rollupConditions>
                            <imsss:rollupCondition condition="satisfied"/>
                        </imsss:rollupConditions>
                        <imsss:rollupAction action="satisfied"/>
                    </imsss:rollupRule>
                    <imsss:rollupRule childActivitySet="all">
                        <imsss:rollupConditions>
                            <imsss:rollupCondition operator="not" condition="satisfied"/>
                        </imsss:rollupConditions>
                        <imsss:rollupAction action="notSatisfied"/>
                    </imsss:rollupRule>
                    <imsss:rollupRule childActivitySet="all">
                        <imsss:rollupConditions>
                            <imsss:rollupCondition condition="completed"/>
                        </imsss:rollupConditions>
                        <imsss:rollupAction action="completed"/>
                    </imsss:rollupRule>
                    <imsss:rollupRule childActivitySet="all">
                        <imsss:rollupConditions>
                            <imsss:rollupCondition operator="not" condition="completed"/>
                        </imsss:rollupConditions>
                        <imsss:rollupAction action="incomplete"/>
                    </imsss:rollupRule>
                </imsss:rollupRules>
			</imsss:sequencing>
		</organization>
	</organizations>
	<resources>
		<resource adlcp:scormType="sco" identifier="ISD 653 Siow_SCO_RES" type="webcontent" href="index.html">
			<metadata>
				<adlcp:location>metadata.xml</adlcp:location>
			</metadata>
			
			<file href="ar/9029.mp3"></file>
			<file href="index.html"></file>
			<file href="scormdriver.js"/>
			<file href="browsersniff.js"/>
			
<file href="ar/9037.mp3"/> 
<file href="ar/9039.mp3"/> 
<file href="ar/9041.mp3"/> 
<file href="ar/9200.mp3"/> 
<file href="ar/9314.mp3"/> 
<file href="ar/StAd9.mp3"/> 
<file href="assets/htmlimages/Answer_checkbox_correct.png"/> 
<file href="assets/htmlimages/Answer_checkbox_incorrect.png"/> 
<file href="assets/htmlimages/Answer_radio_correct.png"/> 
<file href="assets/htmlimages/Answer_radio_incorrect.png"/> 
<file href="assets/htmlimages/Download_certificate_icon.svg"/> 
<file href="assets/htmlimages/img_trans.gif"/> 
<file href="assets/js/project.js"/> 
<file href="dist/main.chunk.js"/> 
<file href="dist/main.chunk.js.br"/> 
<file href="dist/runtime-main.bundle.js"/> 
<file href="dist/vendors-main.chunk.js"/> 
<file href="dist/vendors-main.chunk.js.LICENSE.txt"/> 
<file href="dist/vendors-main.chunk.js.br"/> 
<file href="dr/01289.png"/> 
<file href="dr/01824.png"/> 
<file href="dr/01891.png"/> 
<file href="dr/01958.png"/> 
<file href="dr/02025.png"/> 
<file href="dr/02534.png"/> 
<file href="dr/02712.png"/> 
<file href="dr/02829.png"/> 
<file href="dr/02953.png"/> 
<file href="dr/03077.png"/> 
<file href="dr/03201.png"/> 
<file href="dr/03325.png"/> 
<file href="dr/03449.png"/> 
<file href="dr/03565.svg"/> 
<file href="dr/03676.svg"/> 
<file href="dr/03698.svg"/> 
<file href="dr/05150.svg"/> 
<file href="dr/05189.png"/> 
<file href="dr/0571.svg"/> 
<file href="dr/06092.jpeg"/> 
<file href="dr/0716.svg"/> 
<file href="dr/07299.png"/> 
<file href="dr/07302.png"/> 
<file href="dr/07305.png"/> 
<file href="dr/07756.png"/> 
<file href="dr/07759.png"/> 
<file href="dr/09306.png"/> 
<file href="dr/09308.png"/> 
<file href="dr/loading.gif"/> 
<file href="goodbye.html"/> 
<file href="index.html"/> 
<file href="pools/243/243.js"/> 
<file href="project.txt"/> 
<file href="Utilities.js"/> 
            </resource>
	</resources>
</manifest>
